Year,"Country of origin","Country of origin (ISO)","Country of asylum","Country of asylum (ISO)","Refugees under UNHCR's mandate",Asylum-seekers
2011,"Syrian Arab Rep.",SYR,Algeria,DZA,0,5
2011,"Syrian Arab Rep.",SYR,Egypt,EGY,9,85
2011,"Syrian Arab Rep.",SYR,Armenia,ARM,6,0
2011,"Syrian Arab Rep.",SYR,Australia,AUS,84,66
2011,"Syrian Arab Rep.",SYR,Austria,AUT,903,456
2011,"Syrian Arab Rep.",SYR,Bahrain,BHR,0,5
2011,"Syrian Arab Rep.",SYR,Belgium,BEL,312,666
2011,"Syrian Arab Rep.",SYR,Brazil,BRA,6,13
2011,"Syrian Arab Rep.",SYR,Bulgaria,BGR,98,70
2011,"Syrian Arab Rep.",SYR,Canada,CAN,547,251
2011,"Syrian Arab Rep.",SYR,Chad,TCD,5,0
2011,"Syrian Arab Rep.",SYR,Cyprus,CYP,137,345
2011,"Syrian Arab Rep.",SYR,Czechia,CZE,23,0
2011,"Syrian Arab Rep.",SYR,Denmark,DNK,1197,93
2011,"Syrian Arab Rep.",SYR,Ecuador,ECU,11,0
2011,"Syrian Arab Rep.",SYR,Finland,FIN,86,75
2011,"Syrian Arab Rep.",SYR,France,FRA,351,0
2011,"Syrian Arab Rep.",SYR,"United Kingdom of Great Britain and Northern Ireland",GBR,693,339
2011,"Syrian Arab Rep.",SYR,Germany,DEU,10155,4713
2011,"Syrian Arab Rep.",SYR,Greece,GRC,10,0
2011,"Syrian Arab Rep.",SYR,Croatia,HRV,0,5
2011,"Syrian Arab Rep.",SYR,Hungary,HUN,42,0
2011,"Syrian Arab Rep.",SYR,Indonesia,IDN,0,7
2011,"Syrian Arab Rep.",SYR,Ireland,IRL,27,17
2011,"Syrian Arab Rep.",SYR,Iraq,IRQ,323,1391
2011,"Syrian Arab Rep.",SYR,Italy,ITA,262,0
2011,"Syrian Arab Rep.",SYR,Jordan,JOR,193,2618
2011,"Syrian Arab Rep.",SYR,Kyrgyzstan,KGZ,9,10
2011,"Syrian Arab Rep.",SYR,Kuwait,KWT,10,10
2011,"Syrian Arab Rep.",SYR,Lebanon,LBN,124,368
2011,"Syrian Arab Rep.",SYR,Lithuania,LTU,5,0
2011,"Syrian Arab Rep.",SYR,Latvia,LVA,5,11
2011,"Syrian Arab Rep.",SYR,"China, Macao SAR",MAC,0,5
2011,"Syrian Arab Rep.",SYR,"Rep. of Moldova",MDA,11,10
2011,"Syrian Arab Rep.",SYR,Malaysia,MYS,5,8
2011,"Syrian Arab Rep.",SYR,Morocco,MAR,0,5
2011,"Syrian Arab Rep.",SYR,Malta,MLT,80,72
2011,"Syrian Arab Rep.",SYR,Netherlands,NLD,1064,231
2011,"Syrian Arab Rep.",SYR,Norway,NOR,171,336
2011,"Syrian Arab Rep.",SYR,"New Zealand",NZL,35,0
2011,"Syrian Arab Rep.",SYR,Oman,OMN,7,5
2011,"Syrian Arab Rep.",SYR,Pakistan,PAK,8,0
2011,"Syrian Arab Rep.",SYR,Poland,POL,10,10
2011,"Syrian Arab Rep.",SYR,Qatar,QAT,8,0
2011,"Syrian Arab Rep.",SYR,Romania,ROU,20,27
2011,"Syrian Arab Rep.",SYR,"Russian Federation",RUS,5,13
2011,"Syrian Arab Rep.",SYR,"Saudi Arabia",SAU,14,12
2011,"Syrian Arab Rep.",SYR,Spain,ESP,32,0
2011,"Syrian Arab Rep.",SYR,Slovakia,SVK,23,0
2011,"Syrian Arab Rep.",SYR,Slovenia,SVN,0,6
2011,"Syrian Arab Rep.",SYR,Sweden,SWE,1206,485
2011,"Syrian Arab Rep.",SYR,Switzerland,CHE,1074,1066
2011,"Syrian Arab Rep.",SYR,Thailand,THA,0,8
2011,"Syrian Arab Rep.",SYR,Tunisia,TUN,11,0
2011,"Syrian Arab Rep.",SYR,Turkey,TUR,19,205
2011,"Syrian Arab Rep.",SYR,"United Arab Emirates",ARE,37,6
2011,"Syrian Arab Rep.",SYR,Ukraine,UKR,43,176
2011,"Syrian Arab Rep.",SYR,"United States of America",USA,373,112
2011,"Syrian Arab Rep.",SYR,Yemen,YEM,42,24
2012,"Syrian Arab Rep.",SYR,Albania,ALB,0,5
2012,"Syrian Arab Rep.",SYR,Algeria,DZA,0,236
2012,"Syrian Arab Rep.",SYR,Egypt,EGY,12836,0
2012,"Syrian Arab Rep.",SYR,Argentina,ARG,40,9
2012,"Syrian Arab Rep.",SYR,Armenia,ARM,136,340
2012,"Syrian Arab Rep.",SYR,Australia,AUS,204,75
2012,"Syrian Arab Rep.",SYR,Austria,AUT,1675,694
2012,"Syrian Arab Rep.",SYR,Azerbaijan,AZE,5,6
2012,"Syrian Arab Rep.",SYR,Bahrain,BHR,0,5
2012,"Syrian Arab Rep.",SYR,Belgium,BEL,355,938
2012,"Syrian Arab Rep.",SYR,Belarus,BLR,0,11
2012,"Syrian Arab Rep.",SYR,Brazil,BRA,42,67
2012,"Syrian Arab Rep.",SYR,"Bosnia and Herzegovina",BIH,5,26
2012,"Syrian Arab Rep.",SYR,Bulgaria,BGR,97,0
2012,"Syrian Arab Rep.",SYR,Canada,CAN,533,404
2012,"Syrian Arab Rep.",SYR,Chad,TCD,5,0
2012,"Syrian Arab Rep.",SYR,Chile,CHL,0,5
2012,"Syrian Arab Rep.",SYR,Cameroon,CMR,0,5
2012,"Syrian Arab Rep.",SYR,Cuba,CUB,11,5
2012,"Syrian Arab Rep.",SYR,Cyprus,CYP,139,946
2012,"Syrian Arab Rep.",SYR,Czechia,CZE,54,70
2012,"Syrian Arab Rep.",SYR,Denmark,DNK,1903,115
2012,"Syrian Arab Rep.",SYR,"Dominican Rep.",DOM,7,0
2012,"Syrian Arab Rep.",SYR,Ecuador,ECU,11,0
2012,"Syrian Arab Rep.",SYR,Finland,FIN,218,110
2012,"Syrian Arab Rep.",SYR,France,FRA,640,0
2012,"Syrian Arab Rep.",SYR,"United Kingdom of Great Britain and Northern Ireland",GBR,1717,389
2012,"Syrian Arab Rep.",SYR,Georgia,GEO,141,16
2012,"Syrian Arab Rep.",SYR,Germany,DEU,18165,5986
2012,"Syrian Arab Rep.",SYR,Greece,GRC,20,0
2012,"Syrian Arab Rep.",SYR,Croatia,HRV,12,40
2012,"Syrian Arab Rep.",SYR,Hungary,HUN,86,0
2012,"Syrian Arab Rep.",SYR,India,IND,6,5
2012,"Syrian Arab Rep.",SYR,Indonesia,IDN,5,48
2012,"Syrian Arab Rep.",SYR,Ireland,IRL,38,11
2012,"Syrian Arab Rep.",SYR,Iraq,IRQ,63586,1185
2012,"Syrian Arab Rep.",SYR,Italy,ITA,445,507
2012,"Syrian Arab Rep.",SYR,Jordan,JOR,238798,491
2012,"Syrian Arab Rep.",SYR,Japan,JPN,0,18
2012,"Syrian Arab Rep.",SYR,Kazakhstan,KAZ,0,14
2012,"Syrian Arab Rep.",SYR,Kyrgyzstan,KGZ,7,34
2012,"Syrian Arab Rep.",SYR,"Rep. of Korea",KOR,0,146
2012,"Syrian Arab Rep.",SYR,Kuwait,KWT,15,8
2012,"Syrian Arab Rep.",SYR,Libya,LBY,0,3794
2012,"Syrian Arab Rep.",SYR,Lebanon,LBN,126939,242
2012,"Syrian Arab Rep.",SYR,Lithuania,LTU,5,5
2012,"Syrian Arab Rep.",SYR,Latvia,LVA,17,15
2012,"Syrian Arab Rep.",SYR,"Rep. of Moldova",MDA,55,33
2012,"Syrian Arab Rep.",SYR,Malaysia,MYS,5,83
2012,"Syrian Arab Rep.",SYR,Montenegro,MNE,0,7
2012,"Syrian Arab Rep.",SYR,Morocco,MAR,0,842
2012,"Syrian Arab Rep.",SYR,Malta,MLT,191,139
2012,"Syrian Arab Rep.",SYR,Netherlands,NLD,1449,231
2012,"Syrian Arab Rep.",SYR,Niger,NER,0,6
2012,"Syrian Arab Rep.",SYR,Norway,NOR,565,306
2012,"Syrian Arab Rep.",SYR,"New Zealand",NZL,41,5
2012,"Syrian Arab Rep.",SYR,Oman,OMN,7,5
2012,"Syrian Arab Rep.",SYR,Pakistan,PAK,11,0
2012,"Syrian Arab Rep.",SYR,Philippines,PHL,0,5
2012,"Syrian Arab Rep.",SYR,Poland,POL,17,83
2012,"Syrian Arab Rep.",SYR,Portugal,PRT,0,9
2012,"Syrian Arab Rep.",SYR,Qatar,QAT,8,0
2012,"Syrian Arab Rep.",SYR,Romania,ROU,152,10
2012,"Syrian Arab Rep.",SYR,"South Africa",ZAF,0,8
2012,"Syrian Arab Rep.",SYR,"Russian Federation",RUS,53,91
2012,"Syrian Arab Rep.",SYR,"Saudi Arabia",SAU,14,12
2012,"Syrian Arab Rep.",SYR,Spain,ESP,32,320
2012,"Syrian Arab Rep.",SYR,"Serbia and Kosovo: S/RES/1244 (1999)",SRB,0,49
2012,"Syrian Arab Rep.",SYR,Sudan,SDN,0,32
2012,"Syrian Arab Rep.",SYR,Slovakia,SVK,24,0
2012,"Syrian Arab Rep.",SYR,Slovenia,SVN,0,8
2012,"Syrian Arab Rep.",SYR,Sweden,SWE,6051,3751
2012,"Syrian Arab Rep.",SYR,Switzerland,CHE,1391,1692
2012,"Syrian Arab Rep.",SYR,Thailand,THA,10,60
2012,"Syrian Arab Rep.",SYR,Togo,TGO,0,8
2012,"Syrian Arab Rep.",SYR,Tunisia,TUN,6,30
2012,"Syrian Arab Rep.",SYR,Turkey,TUR,248466,200
2012,"Syrian Arab Rep.",SYR,"United Arab Emirates",ARE,16,14
2012,"Syrian Arab Rep.",SYR,Ukraine,UKR,63,453
2012,"Syrian Arab Rep.",SYR,"United States of America",USA,1425,367
2012,"Syrian Arab Rep.",SYR,Yemen,YEM,42,131
2013,"Syrian Arab Rep.",SYR,Albania,ALB,0,15
2013,"Syrian Arab Rep.",SYR,Algeria,DZA,0,1079
2013,"Syrian Arab Rep.",SYR,Egypt,EGY,131659,0
2013,"Syrian Arab Rep.",SYR,Argentina,ARG,159,12
2013,"Syrian Arab Rep.",SYR,Armenia,ARM,11090,42
2013,"Syrian Arab Rep.",SYR,Australia,AUS,265,138
2013,"Syrian Arab Rep.",SYR,Austria,AUT,2748,1561
2013,"Syrian Arab Rep.",SYR,Azerbaijan,AZE,9,5
2013,"Syrian Arab Rep.",SYR,Belgium,BEL,1987,378
2013,"Syrian Arab Rep.",SYR,Belarus,BLR,35,25
2013,"Syrian Arab Rep.",SYR,"Bolivia (Plurinational State of)",BOL,5,0
2013,"Syrian Arab Rep.",SYR,Brazil,BRA,333,70
2013,"Syrian Arab Rep.",SYR,"Bosnia and Herzegovina",BIH,48,18
2013,"Syrian Arab Rep.",SYR,Bulgaria,BGR,2104,2500
2013,"Syrian Arab Rep.",SYR,Canada,CAN,592,435
2013,"Syrian Arab Rep.",SYR,Chad,TCD,15,0
2013,"Syrian Arab Rep.",SYR,Chile,CHL,5,5
2013,"Syrian Arab Rep.",SYR,Cameroon,CMR,0,7
2013,"Syrian Arab Rep.",SYR,"Costa Rica",CRI,0,5
2013,"Syrian Arab Rep.",SYR,Cuba,CUB,24,0
2013,"Syrian Arab Rep.",SYR,Cyprus,CYP,316,1319
2013,"Syrian Arab Rep.",SYR,Czechia,CZE,149,25
2013,"Syrian Arab Rep.",SYR,Denmark,DNK,3271,86
2013,"Syrian Arab Rep.",SYR,"Dominican Rep.",DOM,5,0
2013,"Syrian Arab Rep.",SYR,Ecuador,ECU,11,5
2013,"Syrian Arab Rep.",SYR,Estonia,EST,0,10
2013,"Syrian Arab Rep.",SYR,Finland,FIN,352,77
2013,"Syrian Arab Rep.",SYR,France,FRA,1474,343
2013,"Syrian Arab Rep.",SYR,"United Kingdom of Great Britain and Northern Ireland",GBR,3169,641
2013,"Syrian Arab Rep.",SYR,Georgia,GEO,516,26
2013,"Syrian Arab Rep.",SYR,Germany,DEU,21253,10566
2013,"Syrian Arab Rep.",SYR,Ghana,GHA,0,55
2013,"Syrian Arab Rep.",SYR,Greece,GRC,195,1665
2013,"Syrian Arab Rep.",SYR,Croatia,HRV,22,36
2013,"Syrian Arab Rep.",SYR,Hungary,HUN,141,184
2013,"Syrian Arab Rep.",SYR,Iceland,ISL,7,10
2013,"Syrian Arab Rep.",SYR,"Cote d'Ivoire",CIV,0,12
2013,"Syrian Arab Rep.",SYR,India,IND,18,12
2013,"Syrian Arab Rep.",SYR,Indonesia,IDN,36,43
2013,"Syrian Arab Rep.",SYR,Ireland,IRL,71,13
2013,"Syrian Arab Rep.",SYR,Iraq,IRQ,212809,1164
2013,"Syrian Arab Rep.",SYR,Italy,ITA,840,278
2013,"Syrian Arab Rep.",SYR,Jordan,JOR,585304,0
2013,"Syrian Arab Rep.",SYR,Japan,JPN,26,0
2013,"Syrian Arab Rep.",SYR,Kazakhstan,KAZ,7,21
2013,"Syrian Arab Rep.",SYR,Kyrgyzstan,KGZ,14,78
2013,"Syrian Arab Rep.",SYR,"Rep. of Korea",KOR,0,431
2013,"Syrian Arab Rep.",SYR,Kuwait,KWT,13,8
2013,"Syrian Arab Rep.",SYR,Liberia,LBR,0,8
2013,"Syrian Arab Rep.",SYR,Libya,LBY,16796,0
2013,"Syrian Arab Rep.",SYR,Lebanon,LBN,851284,332
2013,"Syrian Arab Rep.",SYR,Lithuania,LTU,18,5
2013,"Syrian Arab Rep.",SYR,Luxembourg,LUX,5,23
2013,"Syrian Arab Rep.",SYR,Latvia,LVA,33,12
2013,"Syrian Arab Rep.",SYR,Mauritania,MRT,5,41
2013,"Syrian Arab Rep.",SYR,"North Macedonia",MKD,0,205
2013,"Syrian Arab Rep.",SYR,"Rep. of Moldova",MDA,139,27
2013,"Syrian Arab Rep.",SYR,Mexico,MEX,13,0
2013,"Syrian Arab Rep.",SYR,Malaysia,MYS,101,720
2013,"Syrian Arab Rep.",SYR,Montenegro,MNE,0,60
2013,"Syrian Arab Rep.",SYR,Mongolia,MNG,0,5
2013,"Syrian Arab Rep.",SYR,Morocco,MAR,856,0
2013,"Syrian Arab Rep.",SYR,Malta,MLT,776,102
2013,"Syrian Arab Rep.",SYR,Netherlands,NLD,3404,0
2013,"Syrian Arab Rep.",SYR,Niger,NER,6,0
2013,"Syrian Arab Rep.",SYR,Nigeria,NGA,9,10
2013,"Syrian Arab Rep.",SYR,Norway,NOR,1311,259
2013,"Syrian Arab Rep.",SYR,"New Zealand",NZL,43,7
2013,"Syrian Arab Rep.",SYR,Oman,OMN,7,5
2013,"Syrian Arab Rep.",SYR,Pakistan,PAK,13,0
2013,"Syrian Arab Rep.",SYR,Peru,PER,5,0
2013,"Syrian Arab Rep.",SYR,Philippines,PHL,7,21
2013,"Syrian Arab Rep.",SYR,Poland,POL,108,100
2013,"Syrian Arab Rep.",SYR,Portugal,PRT,14,8
2013,"Syrian Arab Rep.",SYR,Qatar,QAT,8,0
2013,"Syrian Arab Rep.",SYR,Romania,ROU,932,91
2013,"Syrian Arab Rep.",SYR,"South Africa",ZAF,8,10
2013,"Syrian Arab Rep.",SYR,"Russian Federation",RUS,1163,839
2013,"Syrian Arab Rep.",SYR,"Saudi Arabia",SAU,14,12
2013,"Syrian Arab Rep.",SYR,Senegal,SEN,0,5
2013,"Syrian Arab Rep.",SYR,Somalia,SOM,0,8
2013,"Syrian Arab Rep.",SYR,Spain,ESP,180,743
2013,"Syrian Arab Rep.",SYR,"Serbia and Kosovo: S/RES/1244 (1999)",SRB,5,60
2013,"Syrian Arab Rep.",SYR,Sudan,SDN,84,224
2013,"Syrian Arab Rep.",SYR,Slovakia,SVK,26,0
2013,"Syrian Arab Rep.",SYR,Slovenia,SVN,9,0
2013,"Syrian Arab Rep.",SYR,Sweden,SWE,17984,6808
2013,"Syrian Arab Rep.",SYR,Switzerland,CHE,2012,2849
2013,"Syrian Arab Rep.",SYR,"United Rep. of Tanzania",TZA,0,6
2013,"Syrian Arab Rep.",SYR,Thailand,THA,44,144
2013,"Syrian Arab Rep.",SYR,Tunisia,TUN,164,0
2013,"Syrian Arab Rep.",SYR,Turkey,TUR,585601,110
2013,"Syrian Arab Rep.",SYR,"United Arab Emirates",ARE,16,14
2013,"Syrian Arab Rep.",SYR,Uganda,UGA,0,8
2013,"Syrian Arab Rep.",SYR,Ukraine,UKR,167,591
2013,"Syrian Arab Rep.",SYR,"United States of America",USA,3802,1378
2013,"Syrian Arab Rep.",SYR,Yemen,YEM,54,1761
2013,"Syrian Arab Rep.",SYR,Zambia,ZMB,0,5
2014,"Syrian Arab Rep.",SYR,Albania,ALB,5,8
2014,"Syrian Arab Rep.",SYR,Algeria,DZA,0,4108
2014,"Syrian Arab Rep.",SYR,Egypt,EGY,138381,0
2014,"Syrian Arab Rep.",SYR,Argentina,ARG,233,22
2014,"Syrian Arab Rep.",SYR,Armenia,ARM,14994,9
2014,"Syrian Arab Rep.",SYR,Australia,AUS,302,172
2014,"Syrian Arab Rep.",SYR,Austria,AUT,6653,0
2014,"Syrian Arab Rep.",SYR,Azerbaijan,AZE,7,7
2014,"Syrian Arab Rep.",SYR,Belgium,BEL,2620,733
2014,"Syrian Arab Rep.",SYR,Belarus,BLR,72,48
2014,"Syrian Arab Rep.",SYR,"Bolivia (Plurinational State of)",BOL,6,0
2014,"Syrian Arab Rep.",SYR,Brazil,BRA,1739,76
2014,"Syrian Arab Rep.",SYR,"Bosnia and Herzegovina",BIH,25,0
2014,"Syrian Arab Rep.",SYR,Bulgaria,BGR,8501,2510
2014,"Syrian Arab Rep.",SYR,Canada,CAN,705,184
2014,"Syrian Arab Rep.",SYR,"Central African Rep.",CAF,0,8
2014,"Syrian Arab Rep.",SYR,Chad,TCD,15,5
2014,"Syrian Arab Rep.",SYR,China,CHN,5,0
2014,"Syrian Arab Rep.",SYR,Chile,CHL,6,10
2014,"Syrian Arab Rep.",SYR,Cameroon,CMR,0,11
2014,"Syrian Arab Rep.",SYR,Colombia,COL,5,0
2014,"Syrian Arab Rep.",SYR,"Costa Rica",CRI,5,5
2014,"Syrian Arab Rep.",SYR,Cuba,CUB,20,0
2014,"Syrian Arab Rep.",SYR,Cyprus,CYP,1451,1110
2014,"Syrian Arab Rep.",SYR,Czechia,CZE,236,54
2014,"Syrian Arab Rep.",SYR,Denmark,DNK,7253,1468
2014,"Syrian Arab Rep.",SYR,Djibouti,DJI,0,5
2014,"Syrian Arab Rep.",SYR,Ecuador,ECU,13,0
2014,"Syrian Arab Rep.",SYR,Estonia,EST,6,5
2014,"Syrian Arab Rep.",SYR,Ethiopia,ETH,0,8
2014,"Syrian Arab Rep.",SYR,Finland,FIN,438,55
2014,"Syrian Arab Rep.",SYR,France,FRA,2882,1239
2014,"Syrian Arab Rep.",SYR,"United Kingdom of Great Britain and Northern Ireland",GBR,4573,1329
2014,"Syrian Arab Rep.",SYR,Georgia,GEO,471,35
2014,"Syrian Arab Rep.",SYR,Germany,DEU,40994,29591
2014,"Syrian Arab Rep.",SYR,Ghana,GHA,5,73
2014,"Syrian Arab Rep.",SYR,Greece,GRC,3913,182
2014,"Syrian Arab Rep.",SYR,Croatia,HRV,22,6
2014,"Syrian Arab Rep.",SYR,Hungary,HUN,334,823
2014,"Syrian Arab Rep.",SYR,Iceland,ISL,7,5
2014,"Syrian Arab Rep.",SYR,"Cote d'Ivoire",CIV,5,16
2014,"Syrian Arab Rep.",SYR,India,IND,27,18
2014,"Syrian Arab Rep.",SYR,Indonesia,IDN,43,42
2014,"Syrian Arab Rep.",SYR,Ireland,IRL,176,12
2014,"Syrian Arab Rep.",SYR,Iraq,IRQ,234196,1225
2014,"Syrian Arab Rep.",SYR,Italy,ITA,1144,331
2014,"Syrian Arab Rep.",SYR,Jamaica,JAM,5,0
2014,"Syrian Arab Rep.",SYR,Jordan,JOR,623112,0
2014,"Syrian Arab Rep.",SYR,Japan,JPN,41,12
2014,"Syrian Arab Rep.",SYR,Kazakhstan,KAZ,14,29
2014,"Syrian Arab Rep.",SYR,Kenya,KEN,0,5
2014,"Syrian Arab Rep.",SYR,Kyrgyzstan,KGZ,56,16
2014,"Syrian Arab Rep.",SYR,"Rep. of Korea",KOR,503,64
2014,"Syrian Arab Rep.",SYR,Kuwait,KWT,15,7
2014,"Syrian Arab Rep.",SYR,Liberia,LBR,6,0
2014,"Syrian Arab Rep.",SYR,Libya,LBY,18653,0
2014,"Syrian Arab Rep.",SYR,Lebanon,LBN,1147494,418
2014,"Syrian Arab Rep.",SYR,Liechtenstein,LIE,5,0
2014,"Syrian Arab Rep.",SYR,"Sri Lanka",LKA,5,5
2014,"Syrian Arab Rep.",SYR,Lithuania,LTU,20,5
2014,"Syrian Arab Rep.",SYR,Luxembourg,LUX,59,59
2014,"Syrian Arab Rep.",SYR,Latvia,LVA,52,17
2014,"Syrian Arab Rep.",SYR,Mauritania,MRT,41,54
2014,"Syrian Arab Rep.",SYR,"North Macedonia",MKD,11,654
2014,"Syrian Arab Rep.",SYR,"Rep. of Moldova",MDA,186,22
2014,"Syrian Arab Rep.",SYR,Mexico,MEX,13,6
2014,"Syrian Arab Rep.",SYR,Mali,MLI,16,0
2014,"Syrian Arab Rep.",SYR,Malaysia,MYS,447,530
2014,"Syrian Arab Rep.",SYR,Montenegro,MNE,0,36
2014,"Syrian Arab Rep.",SYR,Mongolia,MNG,5,0
2014,"Syrian Arab Rep.",SYR,Morocco,MAR,647,0
2014,"Syrian Arab Rep.",SYR,Malta,MLT,1047,34
2014,"Syrian Arab Rep.",SYR,Netherlands,NLD,8692,2323
2014,"Syrian Arab Rep.",SYR,Niger,NER,6,0
2014,"Syrian Arab Rep.",SYR,Nigeria,NGA,11,17
2014,"Syrian Arab Rep.",SYR,Norway,NOR,2568,828
2014,"Syrian Arab Rep.",SYR,Nauru,NRU,0,5
2014,"Syrian Arab Rep.",SYR,"New Zealand",NZL,48,6
2014,"Syrian Arab Rep.",SYR,Oman,OMN,7,6
2014,"Syrian Arab Rep.",SYR,Pakistan,PAK,16,0
2014,"Syrian Arab Rep.",SYR,Paraguay,PRY,7,9
2014,"Syrian Arab Rep.",SYR,Peru,PER,20,0
2014,"Syrian Arab Rep.",SYR,Philippines,PHL,19,35
2014,"Syrian Arab Rep.",SYR,Poland,POL,240,34
2014,"Syrian Arab Rep.",SYR,Portugal,PRT,15,15
2014,"Syrian Arab Rep.",SYR,Qatar,QAT,14,0
2014,"Syrian Arab Rep.",SYR,Romania,ROU,1278,112
2014,"Syrian Arab Rep.",SYR,"South Africa",ZAF,28,36
2014,"Syrian Arab Rep.",SYR,"Russian Federation",RUS,1927,413
2014,"Syrian Arab Rep.",SYR,"Saudi Arabia",SAU,18,12
2014,"Syrian Arab Rep.",SYR,Senegal,SEN,0,21
2014,"Syrian Arab Rep.",SYR,Somalia,SOM,0,63
2014,"Syrian Arab Rep.",SYR,Spain,ESP,1336,781
2014,"Syrian Arab Rep.",SYR,"Serbia and Kosovo: S/RES/1244 (1999)",SRB,6,237
2014,"Syrian Arab Rep.",SYR,Sudan,SDN,797,238
2014,"Syrian Arab Rep.",SYR,Slovakia,SVK,40,0
2014,"Syrian Arab Rep.",SYR,Slovenia,SVN,20,8
2014,"Syrian Arab Rep.",SYR,Sweden,SWE,34285,19011
2014,"Syrian Arab Rep.",SYR,Switzerland,CHE,5161,3501
2014,"Syrian Arab Rep.",SYR,Thailand,THA,82,168
2014,"Syrian Arab Rep.",SYR,Togo,TGO,0,6
2014,"Syrian Arab Rep.",SYR,"Trinidad and Tobago",TTO,8,13
2014,"Syrian Arab Rep.",SYR,Tunisia,TUN,558,0
2014,"Syrian Arab Rep.",SYR,Turkey,TUR,1557899,250
2014,"Syrian Arab Rep.",SYR,"United Arab Emirates",ARE,28,12
2014,"Syrian Arab Rep.",SYR,Uganda,UGA,0,13
2014,"Syrian Arab Rep.",SYR,Ukraine,UKR,341,593
2014,"Syrian Arab Rep.",SYR,Uruguay,URY,48,11
2014,"Syrian Arab Rep.",SYR,"United States of America",USA,4750,2302
2014,"Syrian Arab Rep.",SYR,Yemen,YEM,2276,1039
2014,"Syrian Arab Rep.",SYR,Zambia,ZMB,0,9
2015,"Syrian Arab Rep.",SYR,Albania,ALB,5,0
2015,"Syrian Arab Rep.",SYR,Algeria,DZA,0,6211
2015,"Syrian Arab Rep.",SYR,"Antigua and Barbuda",ATG,15,0
2015,"Syrian Arab Rep.",SYR,Egypt,EGY,117635,0
2015,"Syrian Arab Rep.",SYR,Argentina,ARG,276,98
2015,"Syrian Arab Rep.",SYR,Armenia,ARM,16611,11
2015,"Syrian Arab Rep.",SYR,Australia,AUS,301,134
2015,"Syrian Arab Rep.",SYR,Austria,AUT,14894,18669
2015,"Syrian Arab Rep.",SYR,Azerbaijan,AZE,8,7
2015,"Syrian Arab Rep.",SYR,Belgium,BEL,4239,3870
2015,"Syrian Arab Rep.",SYR,Belarus,BLR,138,7
2015,"Syrian Arab Rep.",SYR,"Bolivia (Plurinational State of)",BOL,7,0
2015,"Syrian Arab Rep.",SYR,Brazil,BRA,2271,1154
2015,"Syrian Arab Rep.",SYR,"Bosnia and Herzegovina",BIH,14,5
2015,"Syrian Arab Rep.",SYR,Bulgaria,BGR,13819,1683
2015,"Syrian Arab Rep.",SYR,Canada,CAN,1513,235
2015,"Syrian Arab Rep.",SYR,"Central African Rep.",CAF,0,8
2015,"Syrian Arab Rep.",SYR,Chad,TCD,6,22
2015,"Syrian Arab Rep.",SYR,China,CHN,14,24
2015,"Syrian Arab Rep.",SYR,Chile,CHL,13,11
2015,"Syrian Arab Rep.",SYR,Cameroon,CMR,15,7
2015,"Syrian Arab Rep.",SYR,Congo,COG,5,5
2015,"Syrian Arab Rep.",SYR,"Dem. Rep. of the Congo",COD,7,0
2015,"Syrian Arab Rep.",SYR,Colombia,COL,7,0
2015,"Syrian Arab Rep.",SYR,"Costa Rica",CRI,8,0
2015,"Syrian Arab Rep.",SYR,Cuba,CUB,41,0
2015,"Syrian Arab Rep.",SYR,"Curacao ",CUW,0,5
2015,"Syrian Arab Rep.",SYR,Cyprus,CYP,3110,692
2015,"Syrian Arab Rep.",SYR,Czechia,CZE,365,42
2015,"Syrian Arab Rep.",SYR,Denmark,DNK,12988,825
2015,"Syrian Arab Rep.",SYR,Djibouti,DJI,5,0
2015,"Syrian Arab Rep.",SYR,Ecuador,ECU,17,0
2015,"Syrian Arab Rep.",SYR,Estonia,EST,6,0
2015,"Syrian Arab Rep.",SYR,Ethiopia,ETH,9,15
2015,"Syrian Arab Rep.",SYR,Finland,FIN,565,705
2015,"Syrian Arab Rep.",SYR,France,FRA,5179,2711
2015,"Syrian Arab Rep.",SYR,"United Kingdom of Great Britain and Northern Ireland",GBR,6496,1648
2015,"Syrian Arab Rep.",SYR,Georgia,GEO,475,10
2015,"Syrian Arab Rep.",SYR,Germany,DEU,115604,81582
2015,"Syrian Arab Rep.",SYR,Ghana,GHA,47,49
2015,"Syrian Arab Rep.",SYR,Greece,GRC,9101,450
2015,"Syrian Arab Rep.",SYR,Croatia,HRV,23,5
2015,"Syrian Arab Rep.",SYR,Hungary,HUN,476,18607
2015,"Syrian Arab Rep.",SYR,Iceland,ISL,37,0
2015,"Syrian Arab Rep.",SYR,"Cote d'Ivoire",CIV,20,8
2015,"Syrian Arab Rep.",SYR,India,IND,41,20
2015,"Syrian Arab Rep.",SYR,Indonesia,IDN,61,32
2015,"Syrian Arab Rep.",SYR,Ireland,IRL,109,50
2015,"Syrian Arab Rep.",SYR,Iraq,IRQ,244642,0
2015,"Syrian Arab Rep.",SYR,Italy,ITA,1460,246
2015,"Syrian Arab Rep.",SYR,Jamaica,JAM,5,0
2015,"Syrian Arab Rep.",SYR,Jordan,JOR,628223,0
2015,"Syrian Arab Rep.",SYR,Japan,JPN,59,0
2015,"Syrian Arab Rep.",SYR,Kazakhstan,KAZ,23,16
2015,"Syrian Arab Rep.",SYR,Kenya,KEN,9,8
2015,"Syrian Arab Rep.",SYR,Kyrgyzstan,KGZ,55,12
2015,"Syrian Arab Rep.",SYR,"Rep. of Korea",KOR,646,320
2015,"Syrian Arab Rep.",SYR,Kuwait,KWT,14,6
2015,"Syrian Arab Rep.",SYR,Liberia,LBR,6,5
2015,"Syrian Arab Rep.",SYR,Libya,LBY,97,18591
2015,"Syrian Arab Rep.",SYR,Lebanon,LBN,1062690,16
2015,"Syrian Arab Rep.",SYR,Liechtenstein,LIE,23,0
2015,"Syrian Arab Rep.",SYR,"Sri Lanka",LKA,5,11
2015,"Syrian Arab Rep.",SYR,Lithuania,LTU,23,5
2015,"Syrian Arab Rep.",SYR,Luxembourg,LUX,177,593
2015,"Syrian Arab Rep.",SYR,Latvia,LVA,65,5
2015,"Syrian Arab Rep.",SYR,Mauritania,MRT,215,107
2015,"Syrian Arab Rep.",SYR,"North Macedonia",MKD,13,5
2015,"Syrian Arab Rep.",SYR,"Rep. of Moldova",MDA,206,8
2015,"Syrian Arab Rep.",SYR,Mexico,MEX,18,0
2015,"Syrian Arab Rep.",SYR,Mali,MLI,82,9
2015,"Syrian Arab Rep.",SYR,Malaysia,MYS,473,829
2015,"Syrian Arab Rep.",SYR,Morocco,MAR,2619,0
2015,"Syrian Arab Rep.",SYR,Malta,MLT,1328,161
2015,"Syrian Arab Rep.",SYR,Netherlands,NLD,16184,12718
2015,"Syrian Arab Rep.",SYR,Niger,NER,6,0
2015,"Syrian Arab Rep.",SYR,Nigeria,NGA,32,41
2015,"Syrian Arab Rep.",SYR,Norway,NOR,4121,9128
2015,"Syrian Arab Rep.",SYR,Nauru,NRU,0,5
2015,"Syrian Arab Rep.",SYR,"New Zealand",NZL,52,5
2015,"Syrian Arab Rep.",SYR,Oman,OMN,7,5
2015,"Syrian Arab Rep.",SYR,Pakistan,PAK,16,9
2015,"Syrian Arab Rep.",SYR,Paraguay,PRY,30,27
2015,"Syrian Arab Rep.",SYR,Peru,PER,29,0
2015,"Syrian Arab Rep.",SYR,Philippines,PHL,36,40
2015,"Syrian Arab Rep.",SYR,Poland,POL,445,36
2015,"Syrian Arab Rep.",SYR,Portugal,PRT,17,28
2015,"Syrian Arab Rep.",SYR,Qatar,QAT,14,0
2015,"Syrian Arab Rep.",SYR,Romania,ROU,1591,96
2015,"Syrian Arab Rep.",SYR,"South Africa",ZAF,31,58
2015,"Syrian Arab Rep.",SYR,"Russian Federation",RUS,1304,393
2015,"Syrian Arab Rep.",SYR,"El Salvador",SLV,5,0
2015,"Syrian Arab Rep.",SYR,"Saudi Arabia",SAU,9,0
2015,"Syrian Arab Rep.",SYR,Senegal,SEN,0,21
2015,"Syrian Arab Rep.",SYR,Somalia,SOM,24,101
2015,"Syrian Arab Rep.",SYR,Spain,ESP,1992,3280
2015,"Syrian Arab Rep.",SYR,"Serbia and Kosovo: S/RES/1244 (1999)",SRB,11,0
2015,"Syrian Arab Rep.",SYR,Sudan,SDN,2692,527
2015,"Syrian Arab Rep.",SYR,Slovakia,SVK,47,0
2015,"Syrian Arab Rep.",SYR,Slovenia,SVN,30,9
2015,"Syrian Arab Rep.",SYR,Sweden,SWE,52707,49286
2015,"Syrian Arab Rep.",SYR,Switzerland,CHE,8695,4462
2015,"Syrian Arab Rep.",SYR,"Sint Maarten (Dutch part)",SXM,0,5
2015,"Syrian Arab Rep.",SYR,Thailand,THA,95,243
2015,"Syrian Arab Rep.",SYR,Togo,TGO,5,6
2015,"Syrian Arab Rep.",SYR,"Trinidad and Tobago",TTO,22,25
2015,"Syrian Arab Rep.",SYR,Tunisia,TUN,499,0
2015,"Syrian Arab Rep.",SYR,Turkey,TUR,2503549,297
2015,"Syrian Arab Rep.",SYR,"United Arab Emirates",ARE,36,109
2015,"Syrian Arab Rep.",SYR,Uganda,UGA,6,11
2015,"Syrian Arab Rep.",SYR,Ukraine,UKR,399,566
2015,"Syrian Arab Rep.",SYR,Uruguay,URY,58,9
2015,"Syrian Arab Rep.",SYR,"United States of America",USA,5651,3118
2015,"Syrian Arab Rep.",SYR,Yemen,YEM,3011,615
2015,"Syrian Arab Rep.",SYR,Zambia,ZMB,6,8
2016,"Syrian Arab Rep.",SYR,Albania,ALB,5,0
2016,"Syrian Arab Rep.",SYR,Algeria,DZA,0,5329
2016,"Syrian Arab Rep.",SYR,"Antigua and Barbuda",ATG,5,0
2016,"Syrian Arab Rep.",SYR,Egypt,EGY,116013,0
2016,"Syrian Arab Rep.",SYR,Argentina,ARG,357,53
2016,"Syrian Arab Rep.",SYR,Armenia,ARM,14626,20
2016,"Syrian Arab Rep.",SYR,Australia,AUS,378,134
2016,"Syrian Arab Rep.",SYR,Austria,AUT,30958,9812
2016,"Syrian Arab Rep.",SYR,Azerbaijan,AZE,15,8
2016,"Syrian Arab Rep.",SYR,Belgium,BEL,9080,1798
2016,"Syrian Arab Rep.",SYR,Benin,BEN,0,5
2016,"Syrian Arab Rep.",SYR,Belarus,BLR,77,9
2016,"Syrian Arab Rep.",SYR,"Bolivia (Plurinational State of)",BOL,13,0
2016,"Syrian Arab Rep.",SYR,Brazil,BRA,2591,1209
2016,"Syrian Arab Rep.",SYR,"Bosnia and Herzegovina",BIH,15,12
2016,"Syrian Arab Rep.",SYR,Bulgaria,BGR,15027,1961
2016,"Syrian Arab Rep.",SYR,Canada,CAN,2757,380
2016,"Syrian Arab Rep.",SYR,Chad,TCD,17,9
2016,"Syrian Arab Rep.",SYR,China,CHN,20,35
2016,"Syrian Arab Rep.",SYR,Chile,CHL,18,15
2016,"Syrian Arab Rep.",SYR,Cameroon,CMR,23,0
2016,"Syrian Arab Rep.",SYR,Congo,COG,5,5
2016,"Syrian Arab Rep.",SYR,"Dem. Rep. of the Congo",COD,11,22
2016,"Syrian Arab Rep.",SYR,Colombia,COL,8,5
2016,"Syrian Arab Rep.",SYR,"Costa Rica",CRI,8,5
2016,"Syrian Arab Rep.",SYR,Cuba,CUB,39,5
2016,"Syrian Arab Rep.",SYR,Cyprus,CYP,4263,824
2016,"Syrian Arab Rep.",SYR,Czechia,CZE,365,17
2016,"Syrian Arab Rep.",SYR,Denmark,DNK,18215,512
2016,"Syrian Arab Rep.",SYR,Djibouti,DJI,13,0
2016,"Syrian Arab Rep.",SYR,"Dominican Rep.",DOM,0,5
2016,"Syrian Arab Rep.",SYR,Estonia,EST,76,0
2016,"Syrian Arab Rep.",SYR,Ethiopia,ETH,9,48
2016,"Syrian Arab Rep.",SYR,Finland,FIN,1677,130
2016,"Syrian Arab Rep.",SYR,France,FRA,8991,2149
2016,"Syrian Arab Rep.",SYR,"United Kingdom of Great Britain and Northern Ireland",GBR,8269,1010
2016,"Syrian Arab Rep.",SYR,Georgia,GEO,425,12
2016,"Syrian Arab Rep.",SYR,Germany,DEU,375122,100527
2016,"Syrian Arab Rep.",SYR,Ghana,GHA,8,122
2016,"Syrian Arab Rep.",SYR,Guinea-Bissau,GNB,0,5
2016,"Syrian Arab Rep.",SYR,Greece,GRC,14420,13997
2016,"Syrian Arab Rep.",SYR,Croatia,HRV,60,130
2016,"Syrian Arab Rep.",SYR,Hungary,HUN,584,864
2016,"Syrian Arab Rep.",SYR,Iceland,ISL,37,5
2016,"Syrian Arab Rep.",SYR,"Cote d'Ivoire",CIV,5,14
2016,"Syrian Arab Rep.",SYR,India,IND,65,35
2016,"Syrian Arab Rep.",SYR,Indonesia,IDN,30,36
2016,"Syrian Arab Rep.",SYR,Ireland,IRL,243,135
2016,"Syrian Arab Rep.",SYR,Iraq,IRQ,230836,0
2016,"Syrian Arab Rep.",SYR,Italy,ITA,2613,548
2016,"Syrian Arab Rep.",SYR,Jamaica,JAM,5,0
2016,"Syrian Arab Rep.",SYR,Jordan,JOR,648836,0
2016,"Syrian Arab Rep.",SYR,Japan,JPN,61,0
2016,"Syrian Arab Rep.",SYR,Kazakhstan,KAZ,19,22
2016,"Syrian Arab Rep.",SYR,Kenya,KEN,0,7
2016,"Syrian Arab Rep.",SYR,Kyrgyzstan,KGZ,66,6
2016,"Syrian Arab Rep.",SYR,"Rep. of Korea",KOR,876,244
2016,"Syrian Arab Rep.",SYR,Kuwait,KWT,50,24
2016,"Syrian Arab Rep.",SYR,Liberia,LBR,6,5
2016,"Syrian Arab Rep.",SYR,Libya,LBY,142,19366
2016,"Syrian Arab Rep.",SYR,Lebanon,LBN,1005503,10
2016,"Syrian Arab Rep.",SYR,Liechtenstein,LIE,23,0
2016,"Syrian Arab Rep.",SYR,"Sri Lanka",LKA,8,6
2016,"Syrian Arab Rep.",SYR,Lithuania,LTU,161,28
2016,"Syrian Arab Rep.",SYR,Luxembourg,LUX,686,334
2016,"Syrian Arab Rep.",SYR,Latvia,LVA,143,78
2016,"Syrian Arab Rep.",SYR,Mauritania,MRT,417,120
2016,"Syrian Arab Rep.",SYR,"North Macedonia",MKD,13,5
2016,"Syrian Arab Rep.",SYR,"Rep. of Moldova",MDA,218,12
2016,"Syrian Arab Rep.",SYR,Mexico,MEX,23,0
2016,"Syrian Arab Rep.",SYR,Mali,MLI,11,5
2016,"Syrian Arab Rep.",SYR,Malaysia,MYS,458,986
2016,"Syrian Arab Rep.",SYR,Montenegro,MNE,10,0
2016,"Syrian Arab Rep.",SYR,Morocco,MAR,3242,0
2016,"Syrian Arab Rep.",SYR,Malta,MLT,1668,121
2016,"Syrian Arab Rep.",SYR,Mauritius,MUS,0,5
2016,"Syrian Arab Rep.",SYR,Netherlands,NLD,28394,987
2016,"Syrian Arab Rep.",SYR,Niger,NER,7,0
2016,"Syrian Arab Rep.",SYR,Nigeria,NGA,88,47
2016,"Syrian Arab Rep.",SYR,Norway,NOR,11537,1083
2016,"Syrian Arab Rep.",SYR,Nauru,NRU,0,5
2016,"Syrian Arab Rep.",SYR,"New Zealand",NZL,61,5
2016,"Syrian Arab Rep.",SYR,Oman,OMN,7,6
2016,"Syrian Arab Rep.",SYR,Pakistan,PAK,13,7
2016,"Syrian Arab Rep.",SYR,Paraguay,PRY,51,21
2016,"Syrian Arab Rep.",SYR,Peru,PER,32,7
2016,"Syrian Arab Rep.",SYR,Philippines,PHL,51,40
2016,"Syrian Arab Rep.",SYR,Poland,POL,483,18
2016,"Syrian Arab Rep.",SYR,Portugal,PRT,82,300
2016,"Syrian Arab Rep.",SYR,Qatar,QAT,32,5
2016,"Syrian Arab Rep.",SYR,Romania,ROU,1775,21
2016,"Syrian Arab Rep.",SYR,"South Africa",ZAF,44,49
2016,"Syrian Arab Rep.",SYR,"Russian Federation",RUS,1319,383
2016,"Syrian Arab Rep.",SYR,"El Salvador",SLV,5,0
2016,"Syrian Arab Rep.",SYR,"Saudi Arabia",SAU,19,10
2016,"Syrian Arab Rep.",SYR,Senegal,SEN,0,21
2016,"Syrian Arab Rep.",SYR,Somalia,SOM,145,0
2016,"Syrian Arab Rep.",SYR,Spain,ESP,8205,1600
2016,"Syrian Arab Rep.",SYR,"Serbia and Kosovo: S/RES/1244 (1999)",SRB,747,0
2016,"Syrian Arab Rep.",SYR,"South Sudan",SSD,5,0
2016,"Syrian Arab Rep.",SYR,Sudan,SDN,6997,501
2016,"Syrian Arab Rep.",SYR,Slovakia,SVK,54,0
2016,"Syrian Arab Rep.",SYR,Slovenia,SVN,118,41
2016,"Syrian Arab Rep.",SYR,Sweden,SWE,96914,7085
2016,"Syrian Arab Rep.",SYR,Switzerland,CHE,11159,3858
2016,"Syrian Arab Rep.",SYR,Thailand,THA,268,42
2016,"Syrian Arab Rep.",SYR,Togo,TGO,5,8
2016,"Syrian Arab Rep.",SYR,"Trinidad and Tobago",TTO,31,35
2016,"Syrian Arab Rep.",SYR,Tunisia,TUN,504,0
2016,"Syrian Arab Rep.",SYR,Turkey,TUR,2823987,180
2016,"Syrian Arab Rep.",SYR,"United Arab Emirates",ARE,119,165
2016,"Syrian Arab Rep.",SYR,Uganda,UGA,7,12
2016,"Syrian Arab Rep.",SYR,Ukraine,UKR,446,560
2016,"Syrian Arab Rep.",SYR,Uruguay,URY,60,5
2016,"Syrian Arab Rep.",SYR,"United States of America",USA,6444,3364
2016,"Syrian Arab Rep.",SYR,"Venezuela (Bolivarian Republic of)",VEN,5,18
2016,"Syrian Arab Rep.",SYR,Yemen,YEM,3249,502
2016,"Syrian Arab Rep.",SYR,Zambia,ZMB,5,6
2017,"Syrian Arab Rep.",SYR,Albania,ALB,5,22
2017,"Syrian Arab Rep.",SYR,Algeria,DZA,8,5821
2017,"Syrian Arab Rep.",SYR,Egypt,EGY,126688,0
2017,"Syrian Arab Rep.",SYR,Argentina,ARG,370,84
2017,"Syrian Arab Rep.",SYR,Armenia,ARM,14680,12
2017,"Syrian Arab Rep.",SYR,Australia,AUS,477,128
2017,"Syrian Arab Rep.",SYR,Austria,AUT,43888,3937
2017,"Syrian Arab Rep.",SYR,Azerbaijan,AZE,15,0
2017,"Syrian Arab Rep.",SYR,Belgium,BEL,9080,1665
2017,"Syrian Arab Rep.",SYR,Benin,BEN,7,5
2017,"Syrian Arab Rep.",SYR,Belarus,BLR,87,0
2017,"Syrian Arab Rep.",SYR,"Bolivia (Plurinational State of)",BOL,21,8
2017,"Syrian Arab Rep.",SYR,Brazil,BRA,2905,4522
2017,"Syrian Arab Rep.",SYR,"Bosnia and Herzegovina",BIH,15,13
2017,"Syrian Arab Rep.",SYR,Bulgaria,BGR,16549,407
2017,"Syrian Arab Rep.",SYR,Canada,CAN,3095,807
2017,"Syrian Arab Rep.",SYR,Chad,TCD,39,29
2017,"Syrian Arab Rep.",SYR,China,CHN,42,32
2017,"Syrian Arab Rep.",SYR,Chile,CHL,85,42
2017,"Syrian Arab Rep.",SYR,Cameroon,CMR,15,9
2017,"Syrian Arab Rep.",SYR,Congo,COG,9,12
2017,"Syrian Arab Rep.",SYR,"Dem. Rep. of the Congo",COD,8,20
2017,"Syrian Arab Rep.",SYR,Colombia,COL,8,5
2017,"Syrian Arab Rep.",SYR,"Costa Rica",CRI,9,9
2017,"Syrian Arab Rep.",SYR,Cuba,CUB,43,0
2017,"Syrian Arab Rep.",SYR,Cyprus,CYP,5274,1585
2017,"Syrian Arab Rep.",SYR,Czechia,CZE,365,38
2017,"Syrian Arab Rep.",SYR,Denmark,DNK,19221,285
2017,"Syrian Arab Rep.",SYR,Djibouti,DJI,9,0
2017,"Syrian Arab Rep.",SYR,"Dominican Rep.",DOM,0,6
2017,"Syrian Arab Rep.",SYR,Ecuador,ECU,39,115
2017,"Syrian Arab Rep.",SYR,Estonia,EST,151,0
2017,"Syrian Arab Rep.",SYR,Ethiopia,ETH,9,67
2017,"Syrian Arab Rep.",SYR,Finland,FIN,2370,132
2017,"Syrian Arab Rep.",SYR,France,FRA,12520,2394
2017,"Syrian Arab Rep.",SYR,"United Kingdom of Great Britain and Northern Ireland",GBR,9100,574
2017,"Syrian Arab Rep.",SYR,Georgia,GEO,445,9
2017,"Syrian Arab Rep.",SYR,Germany,DEU,496674,70833
2017,"Syrian Arab Rep.",SYR,Ghana,GHA,39,150
2017,"Syrian Arab Rep.",SYR,Greece,GRC,13714,9605
2017,"Syrian Arab Rep.",SYR,Croatia,HRV,194,77
2017,"Syrian Arab Rep.",SYR,Hungary,HUN,925,108
2017,"Syrian Arab Rep.",SYR,Iceland,ISL,58,5
2017,"Syrian Arab Rep.",SYR,"Cote d'Ivoire",CIV,12,9
2017,"Syrian Arab Rep.",SYR,India,IND,87,17
2017,"Syrian Arab Rep.",SYR,Indonesia,IDN,35,27
2017,"Syrian Arab Rep.",SYR,Ireland,IRL,718,138
2017,"Syrian Arab Rep.",SYR,Iraq,IRQ,247057,0
2017,"Syrian Arab Rep.",SYR,Italy,ITA,3618,1696
2017,"Syrian Arab Rep.",SYR,Jamaica,JAM,5,0
2017,"Syrian Arab Rep.",SYR,Jordan,JOR,653031,0
2017,"Syrian Arab Rep.",SYR,Japan,JPN,66,0
2017,"Syrian Arab Rep.",SYR,Kazakhstan,KAZ,17,23
2017,"Syrian Arab Rep.",SYR,Kenya,KEN,0,7
2017,"Syrian Arab Rep.",SYR,Kyrgyzstan,KGZ,69,12
2017,"Syrian Arab Rep.",SYR,"Rep. of Korea",KOR,1122,68
2017,"Syrian Arab Rep.",SYR,Kuwait,KWT,44,31
2017,"Syrian Arab Rep.",SYR,Liberia,LBR,7,6
2017,"Syrian Arab Rep.",SYR,Libya,LBY,257,21890
2017,"Syrian Arab Rep.",SYR,Lebanon,LBN,992127,10
2017,"Syrian Arab Rep.",SYR,Liechtenstein,LIE,32,0
2017,"Syrian Arab Rep.",SYR,"Sri Lanka",LKA,14,0
2017,"Syrian Arab Rep.",SYR,Lithuania,LTU,362,52
2017,"Syrian Arab Rep.",SYR,Luxembourg,LUX,686,225
2017,"Syrian Arab Rep.",SYR,Latvia,LVA,393,0
2017,"Syrian Arab Rep.",SYR,Mauritania,MRT,464,112
2017,"Syrian Arab Rep.",SYR,"North Macedonia",MKD,15,5
2017,"Syrian Arab Rep.",SYR,"Rep. of Moldova",MDA,204,18
2017,"Syrian Arab Rep.",SYR,Mexico,MEX,23,0
2017,"Syrian Arab Rep.",SYR,Mali,MLI,9,0
2017,"Syrian Arab Rep.",SYR,Malaysia,MYS,372,1937
2017,"Syrian Arab Rep.",SYR,Montenegro,MNE,0,47
2017,"Syrian Arab Rep.",SYR,Morocco,MAR,2953,0
2017,"Syrian Arab Rep.",SYR,Malta,MLT,1289,252
2017,"Syrian Arab Rep.",SYR,Mauritius,MUS,5,0
2017,"Syrian Arab Rep.",SYR,Netherlands,NLD,30851,668
2017,"Syrian Arab Rep.",SYR,Niger,NER,7,0
2017,"Syrian Arab Rep.",SYR,Nigeria,NGA,154,60
2017,"Syrian Arab Rep.",SYR,Norway,NOR,13349,447
2017,"Syrian Arab Rep.",SYR,"New Zealand",NZL,65,5
2017,"Syrian Arab Rep.",SYR,Oman,OMN,7,6
2017,"Syrian Arab Rep.",SYR,Pakistan,PAK,29,0
2017,"Syrian Arab Rep.",SYR,Panama,PAN,0,11
2017,"Syrian Arab Rep.",SYR,Paraguay,PRY,53,26
2017,"Syrian Arab Rep.",SYR,Peru,PER,38,5
2017,"Syrian Arab Rep.",SYR,Philippines,PHL,74,40
2017,"Syrian Arab Rep.",SYR,Poland,POL,512,18
2017,"Syrian Arab Rep.",SYR,Portugal,PRT,307,0
2017,"Syrian Arab Rep.",SYR,Qatar,QAT,34,0
2017,"Syrian Arab Rep.",SYR,Romania,ROU,2282,167
2017,"Syrian Arab Rep.",SYR,"South Africa",ZAF,45,0
2017,"Syrian Arab Rep.",SYR,"Russian Federation",RUS,1130,303
2017,"Syrian Arab Rep.",SYR,"El Salvador",SLV,5,0
2017,"Syrian Arab Rep.",SYR,"Saudi Arabia",SAU,14,34
2017,"Syrian Arab Rep.",SYR,Senegal,SEN,0,21
2017,"Syrian Arab Rep.",SYR,Somalia,SOM,172,5
2017,"Syrian Arab Rep.",SYR,Spain,ESP,11752,2255
2017,"Syrian Arab Rep.",SYR,"Serbia and Kosovo: S/RES/1244 (1999)",SRB,73,0
2017,"Syrian Arab Rep.",SYR,Sudan,SDN,11240,439
2017,"Syrian Arab Rep.",SYR,Slovakia,SVK,17,0
2017,"Syrian Arab Rep.",SYR,Slovenia,SVN,215,9
2017,"Syrian Arab Rep.",SYR,Sweden,SWE,103614,3531
2017,"Syrian Arab Rep.",SYR,Switzerland,CHE,13639,3192
2017,"Syrian Arab Rep.",SYR,Thailand,THA,327,9
2017,"Syrian Arab Rep.",SYR,Togo,TGO,0,9
2017,"Syrian Arab Rep.",SYR,"Trinidad and Tobago",TTO,53,32
2017,"Syrian Arab Rep.",SYR,Tunisia,TUN,603,0
2017,"Syrian Arab Rep.",SYR,Turkey,TUR,3424237,162
2017,"Syrian Arab Rep.",SYR,"United Arab Emirates",ARE,128,1185
2017,"Syrian Arab Rep.",SYR,Uganda,UGA,7,12
2017,"Syrian Arab Rep.",SYR,Ukraine,UKR,483,520
2017,"Syrian Arab Rep.",SYR,Uruguay,URY,61,0
2017,"Syrian Arab Rep.",SYR,"United States of America",USA,7282,3358
2017,"Syrian Arab Rep.",SYR,"Venezuela (Bolivarian Republic of)",VEN,5,0
2017,"Syrian Arab Rep.",SYR,Yemen,YEM,3286,496
2018,"Syrian Arab Rep.",SYR,Albania,ALB,6,44
2018,"Syrian Arab Rep.",SYR,Algeria,DZA,14,7485
2018,"Syrian Arab Rep.",SYR,Egypt,EGY,132871,0
2018,"Syrian Arab Rep.",SYR,Argentina,ARG,385,95
2018,"Syrian Arab Rep.",SYR,Armenia,ARM,14701,8
2018,"Syrian Arab Rep.",SYR,Australia,AUS,582,100
2018,"Syrian Arab Rep.",SYR,Austria,AUT,49179,1538
2018,"Syrian Arab Rep.",SYR,Azerbaijan,AZE,15,5
2018,"Syrian Arab Rep.",SYR,Belgium,BEL,9080,2005
2018,"Syrian Arab Rep.",SYR,Benin,BEN,12,0
2018,"Syrian Arab Rep.",SYR,Belarus,BLR,66,5
2018,"Syrian Arab Rep.",SYR,"Bolivia (Plurinational State of)",BOL,21,8
2018,"Syrian Arab Rep.",SYR,Brazil,BRA,3455,4270
2018,"Syrian Arab Rep.",SYR,"Bosnia and Herzegovina",BIH,15,67
2018,"Syrian Arab Rep.",SYR,Bulgaria,BGR,17161,215
2018,"Syrian Arab Rep.",SYR,Canada,CAN,3558,803
2018,"Syrian Arab Rep.",SYR,Chad,TCD,57,14
2018,"Syrian Arab Rep.",SYR,China,CHN,53,19
2018,"Syrian Arab Rep.",SYR,Chile,CHL,107,36
2018,"Syrian Arab Rep.",SYR,Cameroon,CMR,22,6
2018,"Syrian Arab Rep.",SYR,Congo,COG,12,19
2018,"Syrian Arab Rep.",SYR,"Dem. Rep. of the Congo",COD,5,20
2018,"Syrian Arab Rep.",SYR,Colombia,COL,8,8
2018,"Syrian Arab Rep.",SYR,"Costa Rica",CRI,9,12
2018,"Syrian Arab Rep.",SYR,Cuba,CUB,44,5
2018,"Syrian Arab Rep.",SYR,Cyprus,CYP,6259,2553
2018,"Syrian Arab Rep.",SYR,Czechia,CZE,448,8
2018,"Syrian Arab Rep.",SYR,Denmark,DNK,19698,292
2018,"Syrian Arab Rep.",SYR,Djibouti,DJI,10,0
2018,"Syrian Arab Rep.",SYR,Ecuador,ECU,102,90
2018,"Syrian Arab Rep.",SYR,Estonia,EST,146,0
2018,"Syrian Arab Rep.",SYR,Ethiopia,ETH,9,70
2018,"Syrian Arab Rep.",SYR,Finland,FIN,2497,73
2018,"Syrian Arab Rep.",SYR,France,FRA,15822,3352
2018,"Syrian Arab Rep.",SYR,"United Kingdom of Great Britain and Northern Ireland",GBR,9720,685
2018,"Syrian Arab Rep.",SYR,Georgia,GEO,428,24
2018,"Syrian Arab Rep.",SYR,Germany,DEU,532065,52396
2018,"Syrian Arab Rep.",SYR,Ghana,GHA,157,85
2018,"Syrian Arab Rep.",SYR,Greece,GRC,23931,14104
2018,"Syrian Arab Rep.",SYR,Guinea,GIN,5,5
2018,"Syrian Arab Rep.",SYR,Croatia,HRV,398,29
2018,"Syrian Arab Rep.",SYR,Hungary,HUN,971,5
2018,"Syrian Arab Rep.",SYR,Iceland,ISL,87,30
2018,"Syrian Arab Rep.",SYR,"Cote d'Ivoire",CIV,92,8
2018,"Syrian Arab Rep.",SYR,India,IND,83,17
2018,"Syrian Arab Rep.",SYR,Indonesia,IDN,29,18
2018,"Syrian Arab Rep.",SYR,Ireland,IRL,2126,66
2018,"Syrian Arab Rep.",SYR,Iraq,IRQ,252526,0
2018,"Syrian Arab Rep.",SYR,Italy,ITA,4652,1197
2018,"Syrian Arab Rep.",SYR,Jamaica,JAM,5,0
2018,"Syrian Arab Rep.",SYR,Jordan,JOR,676283,0
2018,"Syrian Arab Rep.",SYR,Japan,JPN,69,0
2018,"Syrian Arab Rep.",SYR,Kazakhstan,KAZ,15,14
2018,"Syrian Arab Rep.",SYR,Kenya,KEN,0,11
2018,"Syrian Arab Rep.",SYR,Kyrgyzstan,KGZ,77,14
2018,"Syrian Arab Rep.",SYR,"Rep. of Korea",KOR,1177,59
2018,"Syrian Arab Rep.",SYR,Kuwait,KWT,73,50
2018,"Syrian Arab Rep.",SYR,Liberia,LBR,10,5
2018,"Syrian Arab Rep.",SYR,Libya,LBY,552,23173
2018,"Syrian Arab Rep.",SYR,Lebanon,LBN,944181,5
2018,"Syrian Arab Rep.",SYR,Liechtenstein,LIE,32,0
2018,"Syrian Arab Rep.",SYR,"Sri Lanka",LKA,14,0
2018,"Syrian Arab Rep.",SYR,Lithuania,LTU,435,10
2018,"Syrian Arab Rep.",SYR,Luxembourg,LUX,686,160
2018,"Syrian Arab Rep.",SYR,Latvia,LVA,384,0
2018,"Syrian Arab Rep.",SYR,Mauritania,MRT,332,47
2018,"Syrian Arab Rep.",SYR,"North Macedonia",MKD,17,0
2018,"Syrian Arab Rep.",SYR,"Rep. of Moldova",MDA,213,5
2018,"Syrian Arab Rep.",SYR,Mexico,MEX,28,5
2018,"Syrian Arab Rep.",SYR,Mali,MLI,9,330
2018,"Syrian Arab Rep.",SYR,Malaysia,MYS,421,2406
2018,"Syrian Arab Rep.",SYR,Montenegro,MNE,5,47
2018,"Syrian Arab Rep.",SYR,Morocco,MAR,3506,0
2018,"Syrian Arab Rep.",SYR,Malta,MLT,1497,370
2018,"Syrian Arab Rep.",SYR,Mauritius,MUS,5,0
2018,"Syrian Arab Rep.",SYR,Netherlands,NLD,32092,1687
2018,"Syrian Arab Rep.",SYR,Niger,NER,11,5
2018,"Syrian Arab Rep.",SYR,Nigeria,NGA,224,75
2018,"Syrian Arab Rep.",SYR,Norway,NOR,13914,235
2018,"Syrian Arab Rep.",SYR,Nauru,NRU,0,5
2018,"Syrian Arab Rep.",SYR,"New Zealand",NZL,68,0
2018,"Syrian Arab Rep.",SYR,Oman,OMN,7,0
2018,"Syrian Arab Rep.",SYR,Pakistan,PAK,29,6
2018,"Syrian Arab Rep.",SYR,Panama,PAN,0,12
2018,"Syrian Arab Rep.",SYR,Paraguay,PRY,63,22
2018,"Syrian Arab Rep.",SYR,Peru,PER,44,7
2018,"Syrian Arab Rep.",SYR,Philippines,PHL,105,33
2018,"Syrian Arab Rep.",SYR,Poland,POL,531,20
2018,"Syrian Arab Rep.",SYR,Portugal,PRT,602,0
2018,"Syrian Arab Rep.",SYR,Qatar,QAT,34,0
2018,"Syrian Arab Rep.",SYR,Romania,ROU,2292,150
2018,"Syrian Arab Rep.",SYR,"South Africa",ZAF,45,7
2018,"Syrian Arab Rep.",SYR,"Russian Federation",RUS,828,174
2018,"Syrian Arab Rep.",SYR,"El Salvador",SLV,5,0
2018,"Syrian Arab Rep.",SYR,"Saudi Arabia",SAU,103,2063
2018,"Syrian Arab Rep.",SYR,Senegal,SEN,0,14
2018,"Syrian Arab Rep.",SYR,Somalia,SOM,206,14
2018,"Syrian Arab Rep.",SYR,Spain,ESP,13765,2320
2018,"Syrian Arab Rep.",SYR,"Serbia and Kosovo: S/RES/1244 (1999)",SRB,74,7
2018,"Syrian Arab Rep.",SYR,Sudan,SDN,93502,0
2018,"Syrian Arab Rep.",SYR,Slovakia,SVK,14,0
2018,"Syrian Arab Rep.",SYR,Slovenia,SVN,290,23
2018,"Syrian Arab Rep.",SYR,Sweden,SWE,109343,2353
2018,"Syrian Arab Rep.",SYR,Switzerland,CHE,16565,1789
2018,"Syrian Arab Rep.",SYR,Thailand,THA,276,7
2018,"Syrian Arab Rep.",SYR,Togo,TGO,0,9
2018,"Syrian Arab Rep.",SYR,"Trinidad and Tobago",TTO,57,37
2018,"Syrian Arab Rep.",SYR,Tunisia,TUN,927,0
2018,"Syrian Arab Rep.",SYR,Turkey,TUR,3622366,111
2018,"Syrian Arab Rep.",SYR,"United Arab Emirates",ARE,287,5820
2018,"Syrian Arab Rep.",SYR,Uganda,UGA,5,5
2018,"Syrian Arab Rep.",SYR,Ukraine,UKR,457,489
2018,"Syrian Arab Rep.",SYR,Uruguay,URY,61,0
2018,"Syrian Arab Rep.",SYR,"United States of America",USA,7998,3057
2018,"Syrian Arab Rep.",SYR,"Venezuela (Bolivarian Republic of)",VEN,5,0
2018,"Syrian Arab Rep.",SYR,Yemen,YEM,3446,406
2018,"Syrian Arab Rep.",SYR,Zambia,ZMB,8,9
2019,"Syrian Arab Rep.",SYR,Albania,ALB,13,0
2019,"Syrian Arab Rep.",SYR,Algeria,DZA,7757,0
2019,"Syrian Arab Rep.",SYR,Egypt,EGY,129210,0
2019,"Syrian Arab Rep.",SYR,Argentina,ARG,401,73
2019,"Syrian Arab Rep.",SYR,Armenia,ARM,14730,16
2019,"Syrian Arab Rep.",SYR,Australia,AUS,613,79
2019,"Syrian Arab Rep.",SYR,Austria,AUT,51955,1379
2019,"Syrian Arab Rep.",SYR,Azerbaijan,AZE,20,0
2019,"Syrian Arab Rep.",SYR,Belgium,BEL,16604,1019
2019,"Syrian Arab Rep.",SYR,Benin,BEN,12,13
2019,"Syrian Arab Rep.",SYR,"Burkina Faso",BFA,5,0
2019,"Syrian Arab Rep.",SYR,Belarus,BLR,68,0
2019,"Syrian Arab Rep.",SYR,"Bolivia (Plurinational State of)",BOL,21,0
2019,"Syrian Arab Rep.",SYR,Brazil,BRA,3761,4242
2019,"Syrian Arab Rep.",SYR,"Bosnia and Herzegovina",BIH,21,46
2019,"Syrian Arab Rep.",SYR,Bulgaria,BGR,17551,337
2019,"Syrian Arab Rep.",SYR,Canada,CAN,5,303
2019,"Syrian Arab Rep.",SYR,Chad,TCD,35,8
2019,"Syrian Arab Rep.",SYR,China,CHN,50,13
2019,"Syrian Arab Rep.",SYR,Chile,CHL,112,33
2019,"Syrian Arab Rep.",SYR,Cameroon,CMR,24,5
2019,"Syrian Arab Rep.",SYR,Congo,COG,0,13
2019,"Syrian Arab Rep.",SYR,"Dem. Rep. of the Congo",COD,5,26
2019,"Syrian Arab Rep.",SYR,Colombia,COL,8,8
2019,"Syrian Arab Rep.",SYR,"Costa Rica",CRI,5,24
2019,"Syrian Arab Rep.",SYR,Cuba,CUB,40,0
2019,"Syrian Arab Rep.",SYR,Cyprus,CYP,7372,4073
2019,"Syrian Arab Rep.",SYR,Czechia,CZE,408,18
2019,"Syrian Arab Rep.",SYR,Denmark,DNK,20046,214
2019,"Syrian Arab Rep.",SYR,Djibouti,DJI,10,0
2019,"Syrian Arab Rep.",SYR,Ecuador,ECU,146,38
2019,"Syrian Arab Rep.",SYR,Estonia,EST,127,0
2019,"Syrian Arab Rep.",SYR,Ethiopia,ETH,0,410
2019,"Syrian Arab Rep.",SYR,Finland,FIN,2585,86
2019,"Syrian Arab Rep.",SYR,France,FRA,18244,3246
2019,"Syrian Arab Rep.",SYR,"United Kingdom of Great Britain and Northern Ireland",GBR,10389,1228
2019,"Syrian Arab Rep.",SYR,Georgia,GEO,91,26
2019,"Syrian Arab Rep.",SYR,Germany,DEU,572818,41585
2019,"Syrian Arab Rep.",SYR,Ghana,GHA,167,113
2019,"Syrian Arab Rep.",SYR,Greece,GRC,26696,16165
2019,"Syrian Arab Rep.",SYR,Guinea,GIN,14,0
2019,"Syrian Arab Rep.",SYR,Croatia,HRV,527,10
2019,"Syrian Arab Rep.",SYR,Hungary,HUN,934,7
2019,"Syrian Arab Rep.",SYR,Iceland,ISL,109,19
2019,"Syrian Arab Rep.",SYR,"Cote d'Ivoire",CIV,132,11
2019,"Syrian Arab Rep.",SYR,India,IND,70,29
2019,"Syrian Arab Rep.",SYR,Indonesia,IDN,23,19
2019,"Syrian Arab Rep.",SYR,Ireland,IRL,2882,55
2019,"Syrian Arab Rep.",SYR,Iraq,IRQ,245810,0
2019,"Syrian Arab Rep.",SYR,Italy,ITA,4781,917
2019,"Syrian Arab Rep.",SYR,Jordan,JOR,654692,0
2019,"Syrian Arab Rep.",SYR,Japan,JPN,69,0
2019,"Syrian Arab Rep.",SYR,Kazakhstan,KAZ,14,19
2019,"Syrian Arab Rep.",SYR,Kenya,KEN,5,5
2019,"Syrian Arab Rep.",SYR,Kyrgyzstan,KGZ,86,5
2019,"Syrian Arab Rep.",SYR,"Rep. of Korea",KOR,1199,60
2019,"Syrian Arab Rep.",SYR,Kuwait,KWT,106,100
2019,"Syrian Arab Rep.",SYR,Liberia,LBR,11,0
2019,"Syrian Arab Rep.",SYR,Libya,LBY,612,16754
2019,"Syrian Arab Rep.",SYR,Lebanon,LBN,910586,0
2019,"Syrian Arab Rep.",SYR,Liechtenstein,LIE,32,0
2019,"Syrian Arab Rep.",SYR,"Sri Lanka",LKA,5,0
2019,"Syrian Arab Rep.",SYR,Lithuania,LTU,453,6
2019,"Syrian Arab Rep.",SYR,Luxembourg,LUX,951,200
2019,"Syrian Arab Rep.",SYR,Latvia,LVA,354,0
2019,"Syrian Arab Rep.",SYR,Madagascar,MDG,5,0
2019,"Syrian Arab Rep.",SYR,Mauritania,MRT,355,36
2019,"Syrian Arab Rep.",SYR,"North Macedonia",MKD,17,14
2019,"Syrian Arab Rep.",SYR,"Rep. of Moldova",MDA,210,5
2019,"Syrian Arab Rep.",SYR,Mexico,MEX,29,8
2019,"Syrian Arab Rep.",SYR,Mali,MLI,20,413
2019,"Syrian Arab Rep.",SYR,Malaysia,MYS,425,2868
2019,"Syrian Arab Rep.",SYR,Montenegro,MNE,0,14
2019,"Syrian Arab Rep.",SYR,Morocco,MAR,3676,0
2019,"Syrian Arab Rep.",SYR,Malta,MLT,1706,482
2019,"Syrian Arab Rep.",SYR,Netherlands,NLD,31694,3092
2019,"Syrian Arab Rep.",SYR,Niger,NER,7,0
2019,"Syrian Arab Rep.",SYR,Nigeria,NGA,263,132
2019,"Syrian Arab Rep.",SYR,Norway,NOR,14359,263
2019,"Syrian Arab Rep.",SYR,Nauru,NRU,0,5
2019,"Syrian Arab Rep.",SYR,"New Zealand",NZL,69,5
2019,"Syrian Arab Rep.",SYR,Oman,OMN,8,0
2019,"Syrian Arab Rep.",SYR,Pakistan,PAK,43,0
2019,"Syrian Arab Rep.",SYR,Panama,PAN,0,12
2019,"Syrian Arab Rep.",SYR,Paraguay,PRY,88,11
2019,"Syrian Arab Rep.",SYR,Peru,PER,42,12
2019,"Syrian Arab Rep.",SYR,Philippines,PHL,115,41
2019,"Syrian Arab Rep.",SYR,Poland,POL,542,23
2019,"Syrian Arab Rep.",SYR,Portugal,PRT,768,5
2019,"Syrian Arab Rep.",SYR,Qatar,QAT,34,0
2019,"Syrian Arab Rep.",SYR,Romania,ROU,2090,146
2019,"Syrian Arab Rep.",SYR,"South Africa",ZAF,40,20
2019,"Syrian Arab Rep.",SYR,"Russian Federation",RUS,593,110
2019,"Syrian Arab Rep.",SYR,"El Salvador",SLV,5,0
2019,"Syrian Arab Rep.",SYR,"Saudi Arabia",SAU,152,2220
2019,"Syrian Arab Rep.",SYR,Senegal,SEN,0,14
2019,"Syrian Arab Rep.",SYR,Somalia,SOM,245,21
2019,"Syrian Arab Rep.",SYR,Spain,ESP,14133,2805
2019,"Syrian Arab Rep.",SYR,"Serbia and Kosovo: S/RES/1244 (1999)",SRB,25,25
2019,"Syrian Arab Rep.",SYR,Sudan,SDN,93495,0
2019,"Syrian Arab Rep.",SYR,Slovakia,SVK,14,5
2019,"Syrian Arab Rep.",SYR,Slovenia,SVN,307,15
2019,"Syrian Arab Rep.",SYR,Sweden,SWE,113418,2307
2019,"Syrian Arab Rep.",SYR,Switzerland,CHE,18755,918
2019,"Syrian Arab Rep.",SYR,"United Rep. of Tanzania",TZA,5,16
2019,"Syrian Arab Rep.",SYR,Thailand,THA,217,8
2019,"Syrian Arab Rep.",SYR,Togo,TGO,6,11
2019,"Syrian Arab Rep.",SYR,"Trinidad and Tobago",TTO,58,38
2019,"Syrian Arab Rep.",SYR,Tunisia,TUN,1382,0
2019,"Syrian Arab Rep.",SYR,Turkey,TUR,3576370,0
2019,"Syrian Arab Rep.",SYR,"United Arab Emirates",ARE,333,6575
2019,"Syrian Arab Rep.",SYR,Uganda,UGA,6,10
2019,"Syrian Arab Rep.",SYR,Ukraine,UKR,462,161
2019,"Syrian Arab Rep.",SYR,Uruguay,URY,61,7
2019,"Syrian Arab Rep.",SYR,"United States of America",USA,8449,2660
2019,"Syrian Arab Rep.",SYR,"Venezuela (Bolivarian Republic of)",VEN,5,0
2019,"Syrian Arab Rep.",SYR,Yemen,YEM,3551,407
2019,"Syrian Arab Rep.",SYR,Zambia,ZMB,15,6
2020,"Syrian Arab Rep.",SYR,Albania,ALB,9,0
2020,"Syrian Arab Rep.",SYR,Algeria,DZA,6627,0
2020,"Syrian Arab Rep.",SYR,Angola,AGO,0,5
2020,"Syrian Arab Rep.",SYR,Egypt,EGY,130577,0
2020,"Syrian Arab Rep.",SYR,Argentina,ARG,407,83
2020,"Syrian Arab Rep.",SYR,Armenia,ARM,14741,5
2020,"Syrian Arab Rep.",SYR,Australia,AUS,645,58
2020,"Syrian Arab Rep.",SYR,Austria,AUT,54903,2820
2020,"Syrian Arab Rep.",SYR,Azerbaijan,AZE,34,0
2020,"Syrian Arab Rep.",SYR,Bahrain,BHR,0,23
2020,"Syrian Arab Rep.",SYR,Belgium,BEL,17693,2165
2020,"Syrian Arab Rep.",SYR,Benin,BEN,22,9
2020,"Syrian Arab Rep.",SYR,"Burkina Faso",BFA,5,0
2020,"Syrian Arab Rep.",SYR,Belarus,BLR,64,8
2020,"Syrian Arab Rep.",SYR,"Bolivia (Plurinational State of)",BOL,22,0
2020,"Syrian Arab Rep.",SYR,Brazil,BRA,3924,4086
2020,"Syrian Arab Rep.",SYR,"Bosnia and Herzegovina",BIH,22,10
2020,"Syrian Arab Rep.",SYR,Bulgaria,BGR,18310,593
2020,"Syrian Arab Rep.",SYR,Canada,CAN,131,180
2020,"Syrian Arab Rep.",SYR,Chad,TCD,32,6
2020,"Syrian Arab Rep.",SYR,China,CHN,41,13
2020,"Syrian Arab Rep.",SYR,Chile,CHL,113,32
2020,"Syrian Arab Rep.",SYR,Cameroon,CMR,24,5
2020,"Syrian Arab Rep.",SYR,Congo,COG,5,13
2020,"Syrian Arab Rep.",SYR,"Dem. Rep. of the Congo",COD,8,13
2020,"Syrian Arab Rep.",SYR,Colombia,COL,8,8
2020,"Syrian Arab Rep.",SYR,"Costa Rica",CRI,5,21
2020,"Syrian Arab Rep.",SYR,Cuba,CUB,40,5
2020,"Syrian Arab Rep.",SYR,Cyprus,CYP,8797,4415
2020,"Syrian Arab Rep.",SYR,Czechia,CZE,386,12
2020,"Syrian Arab Rep.",SYR,Denmark,DNK,19878,281
2020,"Syrian Arab Rep.",SYR,Djibouti,DJI,10,0
2020,"Syrian Arab Rep.",SYR,Ecuador,ECU,142,29
2020,"Syrian Arab Rep.",SYR,Estonia,EST,105,0
2020,"Syrian Arab Rep.",SYR,Ethiopia,ETH,6,424
2020,"Syrian Arab Rep.",SYR,Finland,FIN,2620,84
2020,"Syrian Arab Rep.",SYR,France,FRA,21849,2587
2020,"Syrian Arab Rep.",SYR,"United Kingdom of Great Britain and Northern Ireland",GBR,10919,2231
2020,"Syrian Arab Rep.",SYR,Georgia,GEO,437,20
2020,"Syrian Arab Rep.",SYR,Germany,DEU,605338,37219
2020,"Syrian Arab Rep.",SYR,Ghana,GHA,230,48
2020,"Syrian Arab Rep.",SYR,Greece,GRC,36448,5965
2020,"Syrian Arab Rep.",SYR,Guinea,GIN,17,12
2020,"Syrian Arab Rep.",SYR,Croatia,HRV,539,26
2020,"Syrian Arab Rep.",SYR,Hungary,HUN,923,0
2020,"Syrian Arab Rep.",SYR,Iceland,ISL,167,5
2020,"Syrian Arab Rep.",SYR,"Cote d'Ivoire",CIV,142,9
2020,"Syrian Arab Rep.",SYR,India,IND,63,57
2020,"Syrian Arab Rep.",SYR,Indonesia,IDN,23,21
2020,"Syrian Arab Rep.",SYR,Ireland,IRL,3126,67
2020,"Syrian Arab Rep.",SYR,Iraq,IRQ,242163,0
2020,"Syrian Arab Rep.",SYR,Italy,ITA,3508,1037
2020,"Syrian Arab Rep.",SYR,Jordan,JOR,662790,0
2020,"Syrian Arab Rep.",SYR,Japan,JPN,73,0
2020,"Syrian Arab Rep.",SYR,Kazakhstan,KAZ,14,18
2020,"Syrian Arab Rep.",SYR,Kenya,KEN,5,5
2020,"Syrian Arab Rep.",SYR,Kyrgyzstan,KGZ,78,8
2020,"Syrian Arab Rep.",SYR,"Rep. of Korea",KOR,1236,35
2020,"Syrian Arab Rep.",SYR,Kuwait,KWT,139,77
2020,"Syrian Arab Rep.",SYR,Liberia,LBR,12,15
2020,"Syrian Arab Rep.",SYR,Libya,LBY,717,13819
2020,"Syrian Arab Rep.",SYR,Lebanon,LBN,865300,0
2020,"Syrian Arab Rep.",SYR,Liechtenstein,LIE,32,0
2020,"Syrian Arab Rep.",SYR,"Sri Lanka",LKA,5,0
2020,"Syrian Arab Rep.",SYR,Lithuania,LTU,463,5
2020,"Syrian Arab Rep.",SYR,Luxembourg,LUX,2069,340
2020,"Syrian Arab Rep.",SYR,Latvia,LVA,314,5
2020,"Syrian Arab Rep.",SYR,Madagascar,MDG,5,0
2020,"Syrian Arab Rep.",SYR,Mauritania,MRT,364,55
2020,"Syrian Arab Rep.",SYR,"North Macedonia",MKD,17,5
2020,"Syrian Arab Rep.",SYR,"Rep. of Moldova",MDA,190,5
2020,"Syrian Arab Rep.",SYR,Mexico,MEX,30,14
2020,"Syrian Arab Rep.",SYR,Mali,MLI,20,434
2020,"Syrian Arab Rep.",SYR,Malaysia,MYS,407,2850
2020,"Syrian Arab Rep.",SYR,Montenegro,MNE,0,9
2020,"Syrian Arab Rep.",SYR,Morocco,MAR,4528,0
2020,"Syrian Arab Rep.",SYR,Malta,MLT,1871,381
2020,"Syrian Arab Rep.",SYR,Netherlands,NLD,35810,2280
2020,"Syrian Arab Rep.",SYR,Niger,NER,5,0
2020,"Syrian Arab Rep.",SYR,Nigeria,NGA,308,216
2020,"Syrian Arab Rep.",SYR,Norway,NOR,15311,340
2020,"Syrian Arab Rep.",SYR,Nauru,NRU,0,5
2020,"Syrian Arab Rep.",SYR,"New Zealand",NZL,72,0
2020,"Syrian Arab Rep.",SYR,Oman,OMN,8,22
2020,"Syrian Arab Rep.",SYR,Pakistan,PAK,43,0
2020,"Syrian Arab Rep.",SYR,Paraguay,PRY,88,17
2020,"Syrian Arab Rep.",SYR,Peru,PER,42,14
2020,"Syrian Arab Rep.",SYR,Philippines,PHL,134,40
2020,"Syrian Arab Rep.",SYR,Poland,POL,237,39
2020,"Syrian Arab Rep.",SYR,Portugal,PRT,789,0
2020,"Syrian Arab Rep.",SYR,Qatar,QAT,34,89
2020,"Syrian Arab Rep.",SYR,Romania,ROU,2002,215
2020,"Syrian Arab Rep.",SYR,"South Africa",ZAF,38,20
2020,"Syrian Arab Rep.",SYR,"Russian Federation",RUS,361,54
2020,"Syrian Arab Rep.",SYR,"El Salvador",SLV,5,0
2020,"Syrian Arab Rep.",SYR,"Saudi Arabia",SAU,173,7671
2020,"Syrian Arab Rep.",SYR,Senegal,SEN,0,14
2020,"Syrian Arab Rep.",SYR,Somalia,SOM,603,15
2020,"Syrian Arab Rep.",SYR,Spain,ESP,14660,1545
2020,"Syrian Arab Rep.",SYR,"Serbia and Kosovo: S/RES/1244 (1999)",SRB,33,38
2020,"Syrian Arab Rep.",SYR,Sudan,SDN,93498,0
2020,"Syrian Arab Rep.",SYR,Slovakia,SVK,21,5
2020,"Syrian Arab Rep.",SYR,Slovenia,SVN,322,16
2020,"Syrian Arab Rep.",SYR,Sweden,SWE,114609,1544
2020,"Syrian Arab Rep.",SYR,Switzerland,CHE,19869,236
2020,"Syrian Arab Rep.",SYR,"United Rep. of Tanzania",TZA,5,17
2020,"Syrian Arab Rep.",SYR,Thailand,THA,226,6
2020,"Syrian Arab Rep.",SYR,Togo,TGO,16,6
2020,"Syrian Arab Rep.",SYR,"Trinidad and Tobago",TTO,66,38
2020,"Syrian Arab Rep.",SYR,Tunisia,TUN,1997,0
2020,"Syrian Arab Rep.",SYR,Turkey,TUR,3641370,0
2020,"Syrian Arab Rep.",SYR,"United Arab Emirates",ARE,383,6551
2020,"Syrian Arab Rep.",SYR,Uganda,UGA,16,8
2020,"Syrian Arab Rep.",SYR,Ukraine,UKR,491,171
2020,"Syrian Arab Rep.",SYR,Uruguay,URY,63,6
2020,"Syrian Arab Rep.",SYR,"United States of America",USA,8616,2630
2020,"Syrian Arab Rep.",SYR,"Venezuela (Bolivarian Republic of)",VEN,32,0
2020,"Syrian Arab Rep.",SYR,Yemen,YEM,3609,419
2020,"Syrian Arab Rep.",SYR,Zambia,ZMB,20,6
2021,"Syrian Arab Rep.",SYR,Albania,ALB,11,0
2021,"Syrian Arab Rep.",SYR,Algeria,DZA,6750,0
2021,"Syrian Arab Rep.",SYR,Angola,AGO,0,5
2021,"Syrian Arab Rep.",SYR,Egypt,EGY,133568,0
2021,"Syrian Arab Rep.",SYR,Argentina,ARG,409,85
2021,"Syrian Arab Rep.",SYR,Armenia,ARM,5205,19
2021,"Syrian Arab Rep.",SYR,Australia,AUS,639,63
2021,"Syrian Arab Rep.",SYR,Austria,AUT,57887,3866
2021,"Syrian Arab Rep.",SYR,Azerbaijan,AZE,35,0
2021,"Syrian Arab Rep.",SYR,Bahrain,BHR,0,26
2021,"Syrian Arab Rep.",SYR,Belgium,BEL,18493,1344
2021,"Syrian Arab Rep.",SYR,Benin,BEN,27,7
2021,"Syrian Arab Rep.",SYR,"Burkina Faso",BFA,5,0
2021,"Syrian Arab Rep.",SYR,Belarus,BLR,69,0
2021,"Syrian Arab Rep.",SYR,"Bolivia (Plurinational State of)",BOL,22,0
2021,"Syrian Arab Rep.",SYR,Brazil,BRA,3918,4068
2021,"Syrian Arab Rep.",SYR,"Bosnia and Herzegovina",BIH,25,5
2021,"Syrian Arab Rep.",SYR,Bulgaria,BGR,19014,628
2021,"Syrian Arab Rep.",SYR,Cambodia,KHM,7,0
2021,"Syrian Arab Rep.",SYR,Canada,CAN,274,182
2021,"Syrian Arab Rep.",SYR,Chad,TCD,32,6
2021,"Syrian Arab Rep.",SYR,China,CHN,47,6
2021,"Syrian Arab Rep.",SYR,Chile,CHL,114,31
2021,"Syrian Arab Rep.",SYR,Cameroon,CMR,5,5
2021,"Syrian Arab Rep.",SYR,Congo,COG,5,13
2021,"Syrian Arab Rep.",SYR,"Dem. Rep. of the Congo",COD,8,16
2021,"Syrian Arab Rep.",SYR,Colombia,COL,8,13
2021,"Syrian Arab Rep.",SYR,"Costa Rica",CRI,5,24
2021,"Syrian Arab Rep.",SYR,Cuba,CUB,37,0
2021,"Syrian Arab Rep.",SYR,Cyprus,CYP,9820,4750
2021,"Syrian Arab Rep.",SYR,Czechia,CZE,398,12
2021,"Syrian Arab Rep.",SYR,Denmark,DNK,19833,161
2021,"Syrian Arab Rep.",SYR,Djibouti,DJI,10,5
2021,"Syrian Arab Rep.",SYR,Ecuador,ECU,141,15
2021,"Syrian Arab Rep.",SYR,Estonia,EST,103,0
2021,"Syrian Arab Rep.",SYR,Ethiopia,ETH,8,500
2021,"Syrian Arab Rep.",SYR,Finland,FIN,2633,76
2021,"Syrian Arab Rep.",SYR,France,FRA,23510,1269
2021,"Syrian Arab Rep.",SYR,"United Kingdom of Great Britain and Northern Ireland",GBR,11412,2695
2021,"Syrian Arab Rep.",SYR,Georgia,GEO,439,26
2021,"Syrian Arab Rep.",SYR,Germany,DEU,616325,48939
2021,"Syrian Arab Rep.",SYR,Ghana,GHA,229,52
2021,"Syrian Arab Rep.",SYR,Greece,GRC,38496,4297
2021,"Syrian Arab Rep.",SYR,Guinea,GIN,12,0
2021,"Syrian Arab Rep.",SYR,Croatia,HRV,544,26
2021,"Syrian Arab Rep.",SYR,Hungary,HUN,896,0
2021,"Syrian Arab Rep.",SYR,Iceland,ISL,169,19
2021,"Syrian Arab Rep.",SYR,"Cote d'Ivoire",CIV,142,10
2021,"Syrian Arab Rep.",SYR,India,IND,71,56
2021,"Syrian Arab Rep.",SYR,Indonesia,IDN,24,22
2021,"Syrian Arab Rep.",SYR,Ireland,IRL,3195,57
2021,"Syrian Arab Rep.",SYR,Iraq,IRQ,245952,0
2021,"Syrian Arab Rep.",SYR,Italy,ITA,3513,1049
2021,"Syrian Arab Rep.",SYR,Jordan,JOR,668332,0
2021,"Syrian Arab Rep.",SYR,Japan,JPN,73,0
2021,"Syrian Arab Rep.",SYR,Kazakhstan,KAZ,14,19
2021,"Syrian Arab Rep.",SYR,Kenya,KEN,5,5
2021,"Syrian Arab Rep.",SYR,Kyrgyzstan,KGZ,84,0
2021,"Syrian Arab Rep.",SYR,"Rep. of Korea",KOR,1249,27
2021,"Syrian Arab Rep.",SYR,Kuwait,KWT,153,113
2021,"Syrian Arab Rep.",SYR,Liberia,LBR,17,16
2021,"Syrian Arab Rep.",SYR,Libya,LBY,669,13761
2021,"Syrian Arab Rep.",SYR,Lebanon,LBN,851718,0
2021,"Syrian Arab Rep.",SYR,Liechtenstein,LIE,32,0
2021,"Syrian Arab Rep.",SYR,Lithuania,LTU,463,13
2021,"Syrian Arab Rep.",SYR,Luxembourg,LUX,2069,360
2021,"Syrian Arab Rep.",SYR,Latvia,LVA,312,0
2021,"Syrian Arab Rep.",SYR,Madagascar,MDG,5,0
2021,"Syrian Arab Rep.",SYR,Mauritania,MRT,368,91
2021,"Syrian Arab Rep.",SYR,"North Macedonia",MKD,17,0
2021,"Syrian Arab Rep.",SYR,"Rep. of Moldova",MDA,190,0
2021,"Syrian Arab Rep.",SYR,Mexico,MEX,32,28
2021,"Syrian Arab Rep.",SYR,Mali,MLI,23,435
2021,"Syrian Arab Rep.",SYR,Malaysia,MYS,424,2860
2021,"Syrian Arab Rep.",SYR,Montenegro,MNE,0,5
2021,"Syrian Arab Rep.",SYR,Morocco,MAR,4857,0
2021,"Syrian Arab Rep.",SYR,Malta,MLT,1906,361
2021,"Syrian Arab Rep.",SYR,Netherlands,NLD,37792,1818
2021,"Syrian Arab Rep.",SYR,Niger,NER,8,5
2021,"Syrian Arab Rep.",SYR,Nigeria,NGA,342,355
2021,"Syrian Arab Rep.",SYR,Norway,NOR,15542,288
2021,"Syrian Arab Rep.",SYR,Nauru,NRU,0,5
2021,"Syrian Arab Rep.",SYR,"New Zealand",NZL,72,0
2021,"Syrian Arab Rep.",SYR,Oman,OMN,8,22
2021,"Syrian Arab Rep.",SYR,Pakistan,PAK,43,5
2021,"Syrian Arab Rep.",SYR,Paraguay,PRY,88,17
2021,"Syrian Arab Rep.",SYR,Peru,PER,47,8
2021,"Syrian Arab Rep.",SYR,Philippines,PHL,130,45
2021,"Syrian Arab Rep.",SYR,Poland,POL,239,28
2021,"Syrian Arab Rep.",SYR,Portugal,PRT,932,0
2021,"Syrian Arab Rep.",SYR,Qatar,QAT,34,89
2021,"Syrian Arab Rep.",SYR,Romania,ROU,2121,207
2021,"Syrian Arab Rep.",SYR,"South Africa",ZAF,38,20
2021,"Syrian Arab Rep.",SYR,"Russian Federation",RUS,328,126
2021,"Syrian Arab Rep.",SYR,"Saudi Arabia",SAU,178,8247
2021,"Syrian Arab Rep.",SYR,Senegal,SEN,0,14
2021,"Syrian Arab Rep.",SYR,Somalia,SOM,748,42
2021,"Syrian Arab Rep.",SYR,Spain,ESP,14823,1245
2021,"Syrian Arab Rep.",SYR,"Serbia and Kosovo: S/RES/1244 (1999)",SRB,44,14
2021,"Syrian Arab Rep.",SYR,Sudan,SDN,93490,0
2021,"Syrian Arab Rep.",SYR,Slovakia,SVK,21,0
2021,"Syrian Arab Rep.",SYR,Slovenia,SVN,326,10
2021,"Syrian Arab Rep.",SYR,Sweden,SWE,114995,1205
2021,"Syrian Arab Rep.",SYR,Switzerland,CHE,20043,160
2021,"Syrian Arab Rep.",SYR,"United Rep. of Tanzania",TZA,5,18
2021,"Syrian Arab Rep.",SYR,Thailand,THA,231,5
2021,"Syrian Arab Rep.",SYR,Togo,TGO,18,6
2021,"Syrian Arab Rep.",SYR,"Trinidad and Tobago",TTO,67,38
2021,"Syrian Arab Rep.",SYR,Tunisia,TUN,2135,0
2021,"Syrian Arab Rep.",SYR,Turkey,TUR,3685839,0
2021,"Syrian Arab Rep.",SYR,"United Arab Emirates",ARE,360,6558
2021,"Syrian Arab Rep.",SYR,Uganda,UGA,16,9
2021,"Syrian Arab Rep.",SYR,Ukraine,UKR,494,176
2021,"Syrian Arab Rep.",SYR,Uruguay,URY,63,7
2021,"Syrian Arab Rep.",SYR,"United States of America",USA,8709,3640
2021,"Syrian Arab Rep.",SYR,"Venezuela (Bolivarian Republic of)",VEN,32,0
2021,"Syrian Arab Rep.",SYR,Yemen,YEM,3623,411
2021,"Syrian Arab Rep.",SYR,Zambia,ZMB,30,5
